Workbook

Sheet RELATÓRIO TÉCNICO
B2: ANÁLISE DE MRU: MÉDIA CONSOLIDADA (3 REPETIÇÕES)
B3: CONTROLE DE QUALIDADE E DESVIO PADRÃO | ENG. RESP: KAYQUE RODRIGUES
C5: Tempo (s) | D5: Distância Rep. 1 (m) | E5: Distância Rep. 2 (m) | F5: Distância Rep. 3 (m) | G5: Média Consolidada (m) | H5: Desvio-Padrão (m)
C6: ='DADOS (Backend)'!A2 -> 0 | D6: ='DADOS (Backend)'!B2 -> 0 | E6: ='DADOS (Backend)'!C2 -> 0 | F6: ='DADOS (Backend)'!D2 -> 0 | G6: ='DADOS (Backend)'!E2 -> 0 | H6: ='DADOS (Backend)'!F2 -> 0
C7: ='DADOS (Backend)'!A3 -> 0 | D7: ='DADOS (Backend)'!B3 -> 0 | E7: ='DADOS (Backend)'!C3 -> 0 | F7: ='DADOS (Backend)'!D3 -> 0 | G7: ='DADOS (Backend)'!E3 -> 0 | H7: ='DADOS (Backend)'!F3 -> 0
C8: ='DADOS (Backend)'!A4 -> 0 | D8: ='DADOS (Backend)'!B4 -> 0 | E8: ='DADOS (Backend)'!C4 -> 0 | F8: ='DADOS (Backend)'!D4 -> 0 | G8: ='DADOS (Backend)'!E4 -> 0 | H8: ='DADOS (Backend)'!F4 -> 0
C9: ='DADOS (Backend)'!A5 -> 0 | D9: ='DADOS (Backend)'!B5 -> 0 | E9: ='DADOS (Backend)'!C5 -> 0 | F9: ='DADOS (Backend)'!D5 -> 0 | G9: ='DADOS (Backend)'!E5 -> 0 | H9: ='DADOS (Backend)'!F5 -> 0
C10: ='DADOS (Backend)'!A6 -> 0 | D10: ='DADOS (Backend)'!B6 -> 0 | E10: ='DADOS (Backend)'!C6 -> 0 | F10: ='DADOS (Backend)'!D6 -> 0 | G10: ='DADOS (Backend)'!E6 -> 0 | H10: ='DADOS (Backend)'!F6 -> 0
C11: ='DADOS (Backend)'!A7 -> 0 | D11: ='DADOS (Backend)'!B7 -> 0 | E11: ='DADOS (Backend)'!C7 -> 0 | F11: ='DADOS (Backend)'!D7 -> 0 | G11: ='DADOS (Backend)'!E7 -> 0 | H11: ='DADOS (Backend)'!F7 -> 0
C12: ='DADOS (Backend)'!A8 -> 0 | D12: ='DADOS (Backend)'!B8 -> 0 | E12: ='DADOS (Backend)'!C8 -> 0 | F12: ='DADOS (Backend)'!D8 -> 0 | G12: ='DADOS (Backend)'!E8 -> 0 | H12: ='DADOS (Backend)'!F8 -> 0

Sheet DADOS (Backend)
A1: Tempo (s) | B1: Distância Rep. 1 (m) | C1: Distância Rep. 2 (m) | D1: Distância Rep. 3 (m) | E1: Média Consolidada (m) | F1: Desvio-Padrão (m)
A2: 0 | B2: 0 | C2: 0 | D2: 0 | E2: =AVERAGE(B2:D2) -> 0 | F2: 0
A3: 2 | B3: 0.35 | C3: 0.36 | D3: 0.34 | E3: =AVERAGE(B3:D3) -> 0 | F3: =STDEV.S(B3:D3) -> 0
A4: 4 | B4: 0.69 | C4: 0.7 | D4: 0.68 | E4: =AVERAGE(B4:D4) -> 0 | F4: =STDEV.S(B4:D4) -> 0
A5: 6 | B5: 1.05 | C5: 1.03 | D5: 1.07 | E5: =AVERAGE(B5:D5) -> 0 | F5: =STDEV.S(B5:D5) -> 0
A6: 8 | B6: 1.38 | C6: 1.37 | D6: 1.39 | E6: =AVERAGE(B6:D6) -> 0 | F6: =STDEV.S(B6:D6) -> 0
A7: 10 | B7: 1.72 | C7: 1.74 | D7: 1.7 | E7: =AVERAGE(B7:D7) -> 0 | F7: =STDEV.S(B7:D7) -> 0
A8: 12 | B8: 2.05 | C8: 2.06 | D8: 2.04 | E8: =AVERAGE(B8:D8) -> 0 | F8: =STDEV.S(B8:D8) -> 0
