Workbook

Sheet DASHBOARD
B2: ANÁLISE CINEMÁTICA AVANÇADA
B3: MODELAGEM DE SISTEMAS FÍSICOS | MRU (REPETIÇÃO 01) | POR: KAYQUE RODRIGUES
C5: TEMPO TOTAL | F5: DISTÂNCIA TOTAL | I5: VELOCIDADE MÉDIA GLOBAL
C6: ='DADOS (Backend)'!A8 -> 0 | F6: ='DADOS (Backend)'!B8 -> 0 | I6: =AVERAGE('DADOS (Backend)'!C3:C8) -> 0
C9: Tempo (s) | D9: Distância (m) | E9: Vel. Média (m/s)
C10: ='DADOS (Backend)'!A2 -> 0 | D10: ='DADOS (Backend)'!B2 -> 0 | E10: ---
C11: ='DADOS (Backend)'!A3 -> 0 | D11: ='DADOS (Backend)'!B3 -> 0 | E11: ='DADOS (Backend)'!C3 -> 0
C12: ='DADOS (Backend)'!A4 -> 0 | D12: ='DADOS (Backend)'!B4 -> 0 | E12: ='DADOS (Backend)'!C4 -> 0
C13: ='DADOS (Backend)'!A5 -> 0 | D13: ='DADOS (Backend)'!B5 -> 0 | E13: ='DADOS (Backend)'!C5 -> 0
C14: ='DADOS (Backend)'!A6 -> 0 | D14: ='DADOS (Backend)'!B6 -> 0 | E14: ='DADOS (Backend)'!C6 -> 0
C15: ='DADOS (Backend)'!A7 -> 0 | D15: ='DADOS (Backend)'!B7 -> 0 | E15: ='DADOS (Backend)'!C7 -> 0
C16: ='DADOS (Backend)'!A8 -> 0 | D16: ='DADOS (Backend)'!B8 -> 0 | E16: ='DADOS (Backend)'!C8 -> 0

Sheet DADOS (Backend)
A1: Tempo (s) | B1: Distância (m) | C1: Velocidade Média (m/s)
A2: 0 | B2: 0 | C2: ---
A3: 2 | B3: 0.35 | C3: =(B3-B2)/(A3-A2) -> 0
A4: 4 | B4: 0.69 | C4: =(B4-B3)/(A4-A3) -> 0
A5: 6 | B5: 1.05 | C5: =(B5-B4)/(A5-A4) -> 0
A6: 8 | B6: 1.38 | C6: =(B6-B5)/(A6-A5) -> 0
A7: 10 | B7: 1.72 | C7: =(B7-B6)/(A7-A6) -> 0
A8: 12 | B8: 2.05 | C8: =(B8-B7)/(A8-A7) -> 0
